epoch,train_loss,val_cer,val_wer,exact_accuracy,learning_rate,best_cer,best_epoch
1,2.236021021417152,0.20414374166079485,0.633595646098404,0.002954694681549573,0.001,0.20414374166079485,1
2,0.4860262912053328,0.11407283030748243,0.4142825623299257,0.04596191726854892,0.001,0.11407283030748243,2
3,0.3314203983565238,0.12520426367629642,0.4403912627785541,0.03282994090610637,0.001,0.11407283030748243,2
4,0.26509871725055284,0.0819903152781734,0.31639332205633597,0.09881812212738017,0.001,0.0819903152781734,4
5,0.22723605169799416,0.09285189571683433,0.3354048687210414,0.09816152330925805,0.001,0.0819903152781734,4
6,0.18873019444204892,0.06747072845299312,0.2611973229388836,0.15758371634931057,0.001,0.06747072845299312,6
7,0.16933739803058648,0.12576645728078198,0.41487092741045817,0.05778069599474721,0.001,0.06747072845299312,6
8,0.14806124109239083,0.07145105917275085,0.2706111642274031,0.12770847012475378,0.0005,0.06747072845299312,6
9,0.10563334315192939,0.05795091675037105,0.22549091711406927,0.21470781352593565,0.0005,0.05795091675037105,9
10,0.0907797804245582,0.051766787101029936,0.2033169081415018,0.24819435325016415,0.0005,0.051766787101029936,10
11,0.08512355363663024,0.04985532884577905,0.19735971170111055,0.2541037426132633,0.0005,0.04985532884577905,11
12,0.07542483893824262,0.05239644393805376,0.2058174597337648,0.2449113591595535,0.0005,0.04985532884577905,11
13,0.06685122012730725,0.04941306987691708,0.19320438331984996,0.26822061720288903,0.0005,0.04941306987691708,13
14,0.05813514201101352,0.04834864998575776,0.18978451128925497,0.2760998030203546,0.0005,0.04834864998575776,14
15,0.05291654633725666,0.04881339669879915,0.19217474442891813,0.27544320420223245,0.0005,0.04834864998575776,14
16,0.047681262367794346,0.05684152137085288,0.21898212841067882,0.23670387393302691,0.00025,0.04834864998575776,14
17,0.034195039578928395,0.04627228160652445,0.18184158270206663,0.29546946815495734,0.00025,0.04627228160652445,17
18,0.027511665888791,0.04681198746683058,0.18305508568066486,0.29711096520026264,0.00025,0.04627228160652445,17
19,0.02371303337286647,0.1116216661919254,0.37949547694344343,0.08535784635587657,0.000125,0.04627228160652445,17
20,0.018905557975652673,0.046182330629806756,0.18070162535853498,0.3013788575180565,0.000125,0.046182330629806756,20
